Product Name,Over_All_Rating,Price,Date,Rating,Name,Comment
Buy DAMENSCH Men Solid Thermoregulating Regular Fit 2 Button Polo T Shirt  - Tshirts for Men 16470314 | Myntra,4.3,‚Çπ1000,23 Sept 2024,5,Udham Singh,"
I recently picked up this Damensch polo T-shirt, and I couldn‚Äôt be happier with my choice! The color is vibrant and refreshing, perfect for adding a pop to my wardrobe. The fabric is incredibly soft and lightweight, making it comfortable for all-day wear.

The fit is spot-on‚Äîtailored without being too tight, giving a polished look whether I'm at work or out for a casual dinner. I appreciate the attention to detail in the stitching and collar; it feels high-quality and looks sharp.

I‚Äôve already paired it with jeans and shorts, and it looks great with both! After several washes, it still holds its color beautifully and hasn‚Äôt lost its shape. If you‚Äôre looking for a versatile and stylish polo, I highly recommend this one!"
Buy DAMENSCH Men Solid Thermoregulating Regular Fit 2 Button Polo T Shirt  - Tshirts for Men 16470314 | Myntra,4.3,‚Çπ1000,22 Oct 2023,5,David Charles,"I tried the Damensch Tshirt for the first time and it's been an awesome purchase. The fit,color & quality of material and texture of the Tshirt is superb. I am a bit on chubbier side and put on some weight and Xl size I ordered fits me well.. Simply go for it and u will be pleasantly surprised."
Buy DAMENSCH Men Solid Thermoregulating Regular Fit 2 Button Polo T Shirt  - Tshirts for Men 16470314 | Myntra,4.3,‚Çπ1000,13 June 2024,5,Arathi P,"This  was my first purchase of damensch t shirt , am truly impressed with the fit and finish of the t shirt hence i decided to purchase one more . 
Fabric is soft and can be worn during any season . 
By the look and feel of the t shirt i think this will last for a long time . I  definitely recomend damensch . 
"
Buy DAMENSCH Men Solid Thermoregulating Regular Fit 2 Button Polo T Shirt  - Tshirts for Men 16470314 | Myntra,4.3,‚Çπ1000,22 July 2023,5,Amitesh Shrivastava,"I am genuinely impressed by the excellent fit that contours perfectly to the body, coupled with the outstanding quality of the material which feels incredibly soft and durable. The craftsmanship behind this piece is clearly high-caliber, making it a standout in its category."
Buy DAMENSCH Men Solid Thermoregulating Regular Fit 2 Button Polo T Shirt  - Tshirts for Men 16470314 | Myntra,4.3,‚Çπ1000,29 May 2024,5,Kaushik Saikia,"The quality is excellent, with a soft yet durable cotton blend. It fits perfectly, not too tight or loose, and the collar holds its shape well. The stitching is top-notch, and the color choices are great. It's a versatile shirt that's both stylish and comfortable. Highly recommend!"
Buy DAMENSCH Men Solid Thermoregulating Regular Fit 2 Button Polo T Shirt  - Tshirts for Men 16470314 | Myntra,4.3,‚Çπ1000,17 Oct 2023,5,Slt Ishu Rohilla,"The best product available in the market. It feels soft and comfortable against the skin, while also being breathable. The stitching is strong and durable, making it long-lasting and capable of withstanding multiple washes. The fit is tailored and flattering, with just the right amount of stretch and a perfect balance between tight and loose. The colours are vibrant and fade-resistant, making the shirt look new for longer. The neckline is reinforced to keep its shape and prevent stretching. What sets this T-shirt apart is its attention to detail, including the subtle logo on the hem and the tagless back. Overall, it's a high-quality piece of clothing that's worth investing in as it will last you for years.
"
Buy DAMENSCH Men Solid Thermoregulating Regular Fit 2 Button Polo T Shirt  - Tshirts for Men 16470314 | Myntra,4.3,‚Çπ1000,8 Feb 2024,5,Venkatareddy,"Excellent as expected but package seems odd compared with buying in shop or in different websites. just came in polyethene cover but when ordered in other website it came with paper cover from Damensch branding on cover. but about the product it is authentic and really great some may find it's really costly for price but i say it is worth the money.  product is as mentioned mix of cotton- polyester combo. I liked the weight on body, and it is very firm on wearing. collar and hand linings are exactly like in product age and color is 100% same from Myntra page."
Buy DAMENSCH Men Solid Thermoregulating Regular Fit 2 Button Polo T Shirt  - Tshirts for Men 16470314 | Myntra,4.3,‚Çπ1000,7 June 2023,5,Neelesh Pai,"One of the finest products by Damensch. I have been using their other products like innerwear, pajamas. They have been offering products of top notch quality. No doubt with the Tees as well. They are very light and have the best fit. Initial impressions are near perfect but I need to check it's durability (don't doubt on Damensch though)"
Buy DAMENSCH Men Solid Thermoregulating Regular Fit 2 Button Polo T Shirt  - Tshirts for Men 16470314 | Myntra,4.3,‚Çπ1000,22 July 2023,5,Karan Singh,"I bought this brand as my first try and I'm totally loving the fir and colour and material. Fabric is so light and comfortable, totally liking it. I would recommend everyone to give this brand a try. I bought 3 t-shirts and I'm liking the colour and fabric texture. And it's really affordable with this quality in this price."
Buy DAMENSCH Men Solid Thermoregulating Regular Fit 2 Button Polo T Shirt  - Tshirts for Men 16470314 | Myntra,4.3,‚Çπ1000,25 Oct 2022,5,Anikin,"I have purchased and used Damench products before so I know their quality. They are really soft and most comfortable to wear. And the colours are vibrant too. I have my eyes on few more of their products, gonna purchase again soon. I hope they bring more colours. "
Buy DAMENSCH Men Solid Thermoregulating Regular Fit 2 Button Polo T Shirt  - Tshirts for Men 16470314 | Myntra,4.3,‚Çπ1000,12 June 2023,5,Vikas Ranjan,It's been so much fun exploring Damensch. The clothes are so comfortable. And the fabric is just amazing. I am just waiting to see if it will last the test of time. But till now amazing experience.
Buy DAMENSCH Men Solid Thermoregulating Regular Fit 2 Button Polo T Shirt  - Tshirts for Men 16470314 | Myntra,4.3,‚Çπ1000,18 Oct 2023,5,Rohan,"Good fit and the material also looks good and light, just had one complain the left arms sleeve felt a little tight then the right arm sleeve but i guess it will be fine in some time. Overall the product is good have to see what happens after the wash."
Buy DAMENSCH Men Solid Thermoregulating Regular Fit 2 Button Polo T Shirt  - Tshirts for Men 16470314 | Myntra,4.3,‚Çπ1000,10 Nov 2022,5,Shrenuj Mull,"Been a fan of Damensch since I bought my first product from them. Quality is unquestionably amazing, love the colors on offer too! This is probably my 5th item from Damensh and I am definitely going to add more"
Buy DAMENSCH Men Solid Thermoregulating Regular Fit 2 Button Polo T Shirt  - Tshirts for Men 16470314 | Myntra,4.3,‚Çπ1000,7 Feb 2024,5,Akash Gurung,"The material is light and crease free,the fit is really good,can style with both formal and casual clothing."
Buy DAMENSCH Men Solid Thermoregulating Regular Fit 2 Button Polo T Shirt  - Tshirts for Men 16470314 | Myntra,4.3,‚Çπ1000,14 June 2023,5,Soumya Bisen,"Love the Damensch black polo t-shirt! The comfortable fit is perfect, and the cloth quality is top-notch. It's become my go-to choice for both casual and semi-formal occasions. Highly recommend it! "
Buy DAMENSCH Men Solid Thermoregulating Regular Fit 2 Button Polo T Shirt  - Tshirts for Men 16470314 | Myntra,4.3,‚Çπ1000,6 Nov 2023,5,Soumi Roy,"The t-shirt was totally satisfying, with comfortable fabric, cool fit and good looks. A must buy product, I have gifted it to my father and since then, he is continuously wearing it which definitely means he has loved it."
Buy DAMENSCH Men Solid Thermoregulating Regular Fit 2 Button Polo T Shirt  - Tshirts for Men 16470314 | Myntra,4.3,‚Çπ1000,11 June 2023,5,Aman,Fits very nicely. Very light fabric for summers. Colors are also the same as shown in an image. Happy with my purchase. Also the product packaging is very nice.
Buy DAMENSCH Men Solid Thermoregulating Regular Fit 2 Button Polo T Shirt  - Tshirts for Men 16470314 | Myntra,4.3,‚Çπ1000,15 June 2023,5,Keshav Agrawal,"This is the most underrated brand. I have never been so loyal to any clothing brand except this brand. If you are someone who is looking for comfort, quality, durability,with minimalist fashion then go for it. It truly defines my nature & preferences as Chartered Accountant. Much love this guys!!!"
Buy DAMENSCH Men Solid Thermoregulating Regular Fit 2 Button Polo T Shirt  - Tshirts for Men 16470314 | Myntra,4.3,‚Çπ1000,24 Apr 2023,5,Ashish Bisht,I've been wearing damensch innerwear for quite a while now and it has been fantastic but this is the first time I've tried a T-shirt from damensch and I must say it is one of the best T-shirt I've worn. The fit is so great and light fabric with cool colors. Just loving it. 
Buy DAMENSCH Men Solid Thermoregulating Regular Fit 2 Button Polo T Shirt  - Tshirts for Men 16470314 | Myntra,4.3,‚Çπ1000,10 Aug 2023,5,Shivam,Excellent fitting. I have now become a frequent user of damensch products. Believe me they are worthy of your money.
Buy DAMENSCH Men Solid Thermoregulating Regular Fit 2 Button Polo T Shirt  - Tshirts for Men 16470314 | Myntra,4.3,‚Çπ1000,16 Oct 2024,5,Sambit Panda,"Terrific product. Simple and classic design. Colours stay as is for a long time, making it look new even after many washes. Sustainable material that is light weight and gives a great feel to the skin. Highly recommend. "
Buy Urbano Fashion Men Teal Green Slim Fit Tropical Printed Pure Cotton T Shirt  - Tshirts for Men 12377258 | Myntra,4.1,‚Çπ439,22 Sept 2024,5,Kalyan,"Superb product
Superb quality 
Superb product
Superb quality Superb product
Superb quality Superb product
Superb quality Superb product
Superb quality Superb product
Superb quality Superb product
Superb quality Superb product
Superb quality Superb product
Superb quality Superb product
Superb quality Superb product
Superb quality Superb product
Superb quality Superb product
Superb quality Superb product
Superb quality Superb product
Superb quality Superb product
Superb quality Superb product
Superb quality Superb product
Superb quality Superb product
Superb quality Superb product
Superb quality Superb product
Superb quality Superb product
Superb quality Superb product
Superb quality Superb product
Superb quality Superb product
Superb quality Superb product
Superb quality Superb product
Superb quality Superb product
Superb quality 
"
Buy Urbano Fashion Men Teal Green Slim Fit Tropical Printed Pure Cotton T Shirt  - Tshirts for Men 12377258 | Myntra,4.1,‚Çπ439,18 Oct 2024,5,Raja Sekhar,"""I recently bought this T-shirt, and I am thoroughly impressed! The material is soft, breathable, and lightweight, making it perfect for everyday wear. The fit is just right‚Äîtrue to size and comfortable without being too tight or too loose. I‚Äôve washed it a few times, and it hasn‚Äôt shrunk or lost its color, which is a big plus. The stitching also seems durable, and the design is exactly as advertised. Overall, it's a great value for the price, and I‚Äôd definitely recommend it for anyone looking for a quality casual T-shirt.""
"
Buy Urbano Fashion Men Teal Green Slim Fit Tropical Printed Pure Cotton T Shirt  - Tshirts for Men 12377258 | Myntra,4.1,‚Çπ439,23 Sept 2023,5,Ankanrup Sen,"Bought it for my brother and he's happy with the purchase. it fits him perfectly and the bight blue color suits his fair complexion. The qulaity of the cloth is also really nice but only time will tell if and for how long the colors, the stitchings and the overall qulaity would hold up. Once again, urban conpany didn't dissapoint on either the quality, fit, fabric or the colours of the garment. For 340 bucks it was a good puchase."
Buy Urbano Fashion Men Teal Green Slim Fit Tropical Printed Pure Cotton T Shirt  - Tshirts for Men 12377258 | Myntra,4.1,‚Çπ439,16 July 2024,4,Ganesh Hegde,"Very nice product, cloth is very comfortable. Design also looks impressive.  If you are getting for offer price then shirt is worth for money. 
Fitting: fits very good. Size mentioned is matches with cloth's original size. 
Colour: Same as in image, no difference. 
Overall product is impressive. 
"
Buy Urbano Fashion Men Teal Green Slim Fit Tropical Printed Pure Cotton T Shirt  - Tshirts for Men 12377258 | Myntra,4.1,‚Çπ439,21 Oct 2024,5,Madhusmita Pattnaik,Fantastic product 
Buy Urbano Fashion Men Teal Green Slim Fit Tropical Printed Pure Cotton T Shirt  - Tshirts for Men 12377258 | Myntra,4.1,‚Çπ439,10 Oct 2024,4,Parents Corner,"I recently got this green man T-shirt, and I love it! The fabric is soft and breathable, making it super comfortable to wear. It has a great fit‚Äîneither too loose nor too tight. The vibrant design really makes a statement and adds character to my outfit.

I've washed it a few times, and the color has remained bright with no signs of wear. If you're looking for a fun and stylish T-shirt, this one is a must-have!

"
Buy Urbano Fashion Men Teal Green Slim Fit Tropical Printed Pure Cotton T Shirt  - Tshirts for Men 12377258 | Myntra,4.1,‚Çπ439,3 Nov 2024,5,Debojyoti Bhattacharya,"I just received my new Urbano Teal Green Tropical printed cotton T-shirt and absolutely love it! The fabric is soft, breathable and comfortable. The print is vibrant and eye-catching. 

Fit: Perfect (Size: M)
Colour accuracy: 5/5
Quality: Excellent
Price: Value for money

Great purchase from Myntra! üëçüèª‚ú®"
Buy Urbano Fashion Men Teal Green Slim Fit Tropical Printed Pure Cotton T Shirt  - Tshirts for Men 12377258 | Myntra,4.1,‚Çπ439,14 Aug 2023,4,Rajesh,The product sheds color dye right after first use. It is advisable to wash it alone. The product is thinner but it's worth it if you're paying anything between 300 - 350. Also buy one size more than what is mentioned.
Buy Urbano Fashion Men Teal Green Slim Fit Tropical Printed Pure Cotton T Shirt  - Tshirts for Men 12377258 | Myntra,4.1,‚Çπ439,17 Oct 2022,4,Jayakrishnan R,I bought this tshirt first for my brother and i really liked the fit and fabric...so I bought the same for myself but this time I got a tshirt which looks the same but with rough fabric..
Buy Urbano Fashion Men Teal Green Slim Fit Tropical Printed Pure Cotton T Shirt  - Tshirts for Men 12377258 | Myntra,4.1,‚Çπ439,3 June 2024,3,Sunil Sahu,"recently purchased  a shirts, and I must say, I like them a little more than I expected. The fabric is comfortable, the fit is just right, and the designs are stylish without being over the top. Overall, a great addition to my wardrobe. Highly recommended"
Buy Urbano Fashion Men Teal Green Slim Fit Tropical Printed Pure Cotton T Shirt  - Tshirts for Men 12377258 | Myntra,4.1,‚Çπ439,4 July 2024,5,Karthik,"It‚Äôs a good product, I have liked the fabric and print on it. Very comfortable to wear and it looks great on my body.

"
Buy THE BEAR HOUSE Self Design Regular Fit Polo Collar Cotton T Shirt  - Tshirts for Men 27667834 | Myntra,4.5,‚Çπ1507,6 Oct 2024,5,Amit Chaudhary,Really good quality t-shirt. Love the material. It's thick and soft and comfortable. Would recommend to anyone to buy. The length is perfect too. 
Buy THE BEAR HOUSE Self Design Regular Fit Polo Collar Cotton T Shirt  - Tshirts for Men 27667834 | Myntra,4.5,‚Çπ1507,1 Oct 2024,5,Uday Pratap,"The fabric of the polo is really good, and it's so soft , if you find it attractive just go for it , you won't regret.."
Buy THE BEAR HOUSE Self Design Regular Fit Polo Collar Cotton T Shirt  - Tshirts for Men 27667834 | Myntra,4.5,‚Çπ1507,2 Oct 2024,5,Myntra Customer,"I bought this for my fianc√© bday gift and he‚Äôs going to love it the colour plus pattern is just wow , go for it 


"
Buy THE BEAR HOUSE Self Design Regular Fit Polo Collar Cotton T Shirt  - Tshirts for Men 27667834 | Myntra,4.5,‚Çπ1507,26 Sept 2024,5,Suvashis Patra,"Worth it
"
Buy THE BEAR HOUSE Self Design Regular Fit Polo Collar Cotton T Shirt  - Tshirts for Men 27667834 | Myntra,4.5,‚Çπ1507,12 Sept 2024,5,Syed Rahman,Looks classy ‚ö°Ô∏è
Buy THE BEAR HOUSE Self Design Regular Fit Polo Collar Cotton T Shirt  - Tshirts for Men 27667834 | Myntra,4.5,‚Çπ1507,17 June 2024,5,Shivank Priya,Quality is premium as well as the look of the product ü´∂üèª
Buy THE BEAR HOUSE Self Design Regular Fit Polo Collar Cotton T Shirt  - Tshirts for Men 27667834 | Myntra,4.5,‚Çπ1507,28 Nov 2024,5,Nisha,I gifted this tshirt to my boyfriend and he loves it. Wears it all the time and looks very elegant. The quality is good and fits perfectly. He likes this tshirt so much. Worth buying 
Buy THE BEAR HOUSE Self Design Regular Fit Polo Collar Cotton T Shirt  - Tshirts for Men 27667834 | Myntra,4.5,‚Çπ1507,12 Oct 2024,5,Shibu,Fabulous ‚ù§Ô∏è‚ù§Ô∏è
Buy H&M Men Printed Regular Fit T Shirt  - Tshirts for Men 30460259 | Myntra,4.5,‚Çπ559,3 Oct 2024,4,Apratim,Good fit and color... Best part is product is just like shown in the picture
Buy H&M Men Printed Regular Fit T Shirt  - Tshirts for Men 30460259 | Myntra,4.5,‚Çπ559,17 Dec 2024,4,Ritik,"Really impressed by the color, can go with multiple shades and trousers style.
Soft fabric T-shirt with catchy wrinkles.
"
Buy H&M Men Printed Regular Fit T Shirt  - Tshirts for Men 30460259 | Myntra,4.5,‚Çπ559,30 Sept 2024,5,Surinder Manhas,"Nice fabric, perfect size and colour. H&M packing and quality is awesome üëå."
Buy H&M Men Printed Regular Fit T Shirt  - Tshirts for Men 30460259 | Myntra,4.5,‚Çπ559,28 Sept 2024,5,Matrika,"Cool colour and soft material and good fitting.
H&M never disappoints.  "
Buy H&M Men Printed Regular Fit T Shirt  - Tshirts for Men 30460259 | Myntra,4.5,‚Çπ559,3 Oct 2024,5,Bhavani Nandan,Beautiful colour as shown in picture. Love the fit and material üòç
Buy H&M Men Printed Regular Fit T Shirt  - Tshirts for Men 30460259 | Myntra,4.5,‚Çπ559,13 Dec 2024,4,Sailee Mhatre,Liked the T shirt.. Good quality..
Buy H&M Men Printed Regular Fit T Shirt  - Tshirts for Men 30460259 | Myntra,4.5,‚Çπ559,20 Sept 2024,4,Binod Bihari Pati,Very soft and comfortable 
Buy H&M Men Printed Regular Fit T Shirt  - Tshirts for Men 30460259 | Myntra,4.5,‚Çπ559,22 Sept 2024,5,Growlislive,"Amazing t shirt you should buy it if you are fair and not too thin 
Best quality as expected from H&M 
"
Buy H&M Men Printed Regular Fit T Shirt  - Tshirts for Men 30460259 | Myntra,4.5,‚Çπ559,13 Dec 2024,5,Ankita,Very much comfy fabric. Exactly matches the pictures. 
Buy H&M Men Printed Regular Fit T Shirt  - Tshirts for Men 30460259 | Myntra,4.5,‚Çπ559,13 Oct 2024,5,M S Meena,This item is very good  and fabric very smooth. 
Buy H&M Men Printed Regular Fit T Shirt  - Tshirts for Men 30460259 | Myntra,4.5,‚Çπ559,29 Oct 2024,5,Mariya,Great color . Loved it.  True to size
Buy H&M Men Printed Regular Fit T Shirt  - Tshirts for Men 30460259 | Myntra,4.5,‚Çπ559,30 Oct 2024,4,Mohan Prasanth,Good but the fabric is thin
Buy XYXX Men Nova Intellieaze Pure Cotton Polo T Shirt  - Tshirts for Men 24075732 | Myntra,4.1,‚Çπ601,1 Aug 2023,5,Dikshant Kaushik,"Fitting, Material Quality, Colour & comfort is as expected as well as I think. Delivery boy behaviour is very polite and respectful to me. Overall ratings for the delivery parcel is  Perfectly fit and good quality."
Buy XYXX Men Nova Intellieaze Pure Cotton Polo T Shirt  - Tshirts for Men 24075732 | Myntra,4.1,‚Çπ601,22 May 2024,5,Myntra Customer,"very good tshirt for summer and casual wear , i was not expecting this tshirt to be this much good. Very comfy and the fabric is totally good if you are buying this polo tshirt you will never regret."
Buy XYXX Men Nova Intellieaze Pure Cotton Polo T Shirt  - Tshirts for Men 24075732 | Myntra,4.1,‚Çπ601,7 June 2024,5,Naved Siddique,I have been using xyxx since the inception of it. This is one of the finest brand for undergarments and clothes. A perfect fit for TShirt. Kudos to the team for their attention to details. A great daily wear and perfect casual wear for office.
Buy XYXX Men Nova Intellieaze Pure Cotton Polo T Shirt  - Tshirts for Men 24075732 | Myntra,4.1,‚Çπ601,21 May 2024,5,Abhay Kumar,"T shirt is very nice in color and super comfy, no etching no color fade, and keeping cool in hot. Color is absolutely looking fab in this. 
I brought this for gifting purpose and my friend loved this. 
Light weight and easy to maintain."
Buy XYXX Men Nova Intellieaze Pure Cotton Polo T Shirt  - Tshirts for Men 24075732 | Myntra,4.1,‚Çπ601,8 May 2024,5,Vishnu,The tshirt looks cool. And the fabric is 100% cotton as well. Perfect tshirt. I like the product. Good for summer season as the cotton fabric is very nice for absorbing sweat. Overall nice product with good cloth quality.
Buy XYXX Men Nova Intellieaze Pure Cotton Polo T Shirt  - Tshirts for Men 24075732 | Myntra,4.1,‚Çπ601,16 Sept 2023,5,Abhirup Biswas,"I'm thoroughly impressed with the XYXX Men's 100% Cotton Polo tshirt in white. The fabric quality is outstanding, offering both comfort and breathability. The classic design and perfect fit make it a versatile wardrobe staple that's suitable for any occasion. "
Buy XYXX Men Nova Intellieaze Pure Cotton Polo T Shirt  - Tshirts for Men 24075732 | Myntra,4.1,‚Çπ601,3 Aug 2023,5,Jyothi,"Bought this T shirt for my brother, this feels very durable, the fabric is of high quality, the design is good and fitting is perfect for him, he felt very comfortable using this, I would recommend to buy this."
Buy XYXX Men Nova Intellieaze Pure Cotton Polo T Shirt  - Tshirts for Men 24075732 | Myntra,4.1,‚Çπ601,2 May 2024,5,Aenna Desouza,This Polo t-shirt is made of pure cotton fabric and is comfortable to wear. The colour is exactly as it is shown in the picture. Perfect for a casual wear or even a party. Very pocket friendly and a must buy.
Buy XYXX Men Nova Intellieaze Pure Cotton Polo T Shirt  - Tshirts for Men 24075732 | Myntra,4.1,‚Çπ601,19 Mar 2024,5,Piyush Prasad,"I trying out the Nova Intellieaze Cotton Polo T-shirt, and I must say, it has exceeded all my expectations. From the moment I slipped it on, I could feel the difference in quality and comfort. this polo shirt feels incredibly soft against the skin, offering a level of comfort that's unmatched. Whether I'm wearing it on a warm summer day or layering it under a sweater during the cooler months, the breathable nature of the fabric ensures I stay comfortable all day long."
Buy XYXX Men Nova Intellieaze Pure Cotton Polo T Shirt  - Tshirts for Men 24075732 | Myntra,4.1,‚Çπ601,15 Oct 2023,5,Rakesh Patel,"No doubt the quality and comfort is amazing, totally value for money.

These Polo tees feature a lightweight structure that makes them perfect for all-day wear.

Highly breathable and airy in feel, these Polo tees crafted from a cotton pique fabric, offer a textured look.



"
Buy XYXX Men Nova Intellieaze Pure Cotton Polo T Shirt  - Tshirts for Men 24075732 | Myntra,4.1,‚Çπ601,2 Aug 2023,5,Krishna Chaitanya,The Polo Collar Pure Cotton T-Shirt is a wardrobe must-have offering style and comfort in one crafted from high-quality cotton it's breathable and soft the polo collar adds sophistication while  making it suitable for various occasions and its durability and low-maintenance design make it a standout choice.
Buy XYXX Men Nova Intellieaze Pure Cotton Polo T Shirt  - Tshirts for Men 24075732 | Myntra,4.1,‚Çπ601,19 Mar 2024,5,Vishal Singhal,"The fabric feels high-quality, and the fit is comfortable. The stitching and overall craftsmanship are impressive. I appreciate the accurate sizing information provided by the seller, making it a style statement with most preferred summer clothing for me."
